id,title
23570638,Template:Type C3-E ships
23570812,Template:Infobox song contest
23571019,Template:James Taylor
23571044,Template:Type C3-P&C ships
23571215,Template:Lehigh Valley
23571279,Template:Infobox song contest/doc
23571421,Template:Nepal national football team managers
23571482,Template:India national football team managers
23571545,Template:Malawi national football team managers
23571632,Template:Sudan national football team managers
23571648,Template:Orahovica
23571755,Template:Frunzensko-Primorskaya Line
23571763,Template:Petersburg Metro Lines
23571808,Template:Us-mil-ship-stub
23572005,Template:Kutná Hora District
23572025,Template:Niger-athletics-bio-stub
23572037,Template:Watchmen
23572050,Template:Dum Dums
23572118,Template:Kaoma
23572387,Template:Chicken
23572467,Template:Mozart serenades
23572588,Template:USTe
23572848,Template:Comics infobox sec/first
23572943,Template:2010 Winter Olympic venues
23573006,Template:Delhi University Infobox
23573193,Template:WP Wyoming
23573233,Template:EquatorialGuinea-athletics-bio-stub
23573270,Template:Liechtenstein-athletics-bio-stub
23573328,Template:Mělník District
23573438,Template:Carcinogens
23573455,Template:CapeVerde-sport-bio-stub
23573486,Template:Carcinogens/doc
23573694,Template:Super League Greece manager of the season
23573699,Template:2003 WNBA draft
23573713,Template:User utsc
23573720,Template:Mladá Boleslav District
23573771,Template:User utm
23573831,Template:Blair Witch
23573880,Template:Infobox politician
23574106,Template:1967–68 NHL West Division standings/doc
23574178,Template:1968–69 NHL West Division standings/doc
23574235,Template:1969–70 NHL West Division standings/doc
23574275,Template:1970–71 NHL West Division standings/doc
23574293,Template:1971–72 NHL West Division standings/doc
23574309,Template:1973–74 NHL West Division standings/doc
23574526,Template:POTD/2009-07-13
23574722,Template:POTD/2009-07-15
23574829,Template:Bourbons of Naples and Sicily (1735–1816)
23575282,Template:Billy Ray Cyrus singles
23575356,Template:Meetups/UK
23575365,Template:Satellite and spacecraft instruments/doc
23575415,Template:Sun spacecraft/doc
23575656,Template:Comics infobox sec/run
23576156,Template:CyclingAt1924SummerOlympics
23576758,Template:WPPhysics
23576762,Template:WPElectronics
23576763,Template:WPTechnology
23576770,Template:Streamy Awards
23576826,Template:WP Colorado
23576869,Template:Primary
23576937,Template:WP Maryland
23577435,Template:City of Kawartha Lakes
23577609,"Template:European Parliament MEPs, 1979–1984 (Netherlands)"
23577727,Template:Night Ranger
23577886,Template:Dance
23578054,Template:Infobox magazine/sandbox
23578098,Template:Infobox magazine/testcases
23578129,Template:User Indonesian
23578153,Template:Palestine-footyclub-stub
23578206,Template:Flag/sandbox
23578208,Template:Flag/core/sandbox
23578254,Template:Flag/testcases
23578291,Template:Flagcountry/sandbox
23578296,Template:Flagcountry/core/sandbox
23578327,Template:Flagcountry/testcases
23578589,Template:WPPORN
23578598,Template:WPLGBT
23578762,Template:History of Philippines
23578944,Template:Australia-film-stub
23579262,Template:CAST
23579677,"Template:Tokyo prefectural election, 2009"
23580027,Template:Moldova national football team managers
23580208,Template:Town wise map of Faisalabad
23580647,Template:Singaporeans
23580785,Template:Type C3-S-A1 ships
23581354,Template:WP West Virginia
23581447,Template:River Waveney map
23581603,"Template:Cities, Towns, Villages and Cantonments in Jhelum"
23582188,Template:Telltale Games
23582229,Template:WWE Hardcore
23582318,Template:Tv-award-stub
23582680,Template:Nymburk District
23583044,Template:Prague-East District
23583275,Template:Expandlede
23583323,Template:WWE Cruiserweight
23583397,Template:Articles by Quality and Importance/doc
23583497,Template:ROH World Tag Team Champions
23584247,Template:Prague-West District
23584727,Template:Příbram District
23584732,Template:WWE European Champions
23584751,Template:WWE Champions
23584786,Template:World Tag Team Champions (WWE)
23584792,Template:World Heavyweight Champions (WWE)
23584798,Template:WWF Light Heavyweight
23584808,Template:Rakovník District
23584971,Template:WikiProject Anime and manga/sandbox
23585094,Template:X Division
23585107,Template:WWE Tag Team Champions
23585113,Template:PRC provinces only imagemap
23585184,Template:Works by Niccolò Machiavelli
23585654,Template:Public colleges and universities in Connecticut
23586072,Template:Dated info
23586393,Template:1967–68 NHL East Division standings/doc
23586417,Template:1968–69 NHL East Division standings/doc
23586513,Template:1969–70 NHL East Division standings/doc
23586737,Template:1970–71 NHL East Division standings/doc
23586777,Template:1971–72 NHL East Division standings/doc
23586813,Template:1972–73 NHL East Division standings/doc
23586907,Template:1973–74 NHL East Division standings/doc
23587070,Template:Infobox sports league/doc
23587165,Template:People First Party (Taiwan)/meta/color
23587169,Template:People First Party (Taiwan)/meta/shortname
23587292,Template:New Party (Republic of China)/meta/color
23587365,Template:RNC Media
23587431,Template:Holocaust Lithuania
23587717,Template:Infobox sports league/sandbox
23588004,Template:Infobox artist discography/sandbox
23588059,Template:Infobox artist discography/testcases
23588137,Template:Sejms
23588352,Template:Dancing
23588436,Template:Korn Ferry Tour Player of the Year
23588443,Template:WCW Hardcore Champions
23588565,Template:First Down Award
23588629,Template:Holocaust Estonia
23588851,Template:Suburbs of Wellington Council
23588954,Template:Canadian premium television services
23589034,Template:Suburbs of Blayney Shire Council
23589051,Template:Holocaust Ukraine
23589703,Template:Tōbu Sano Line
23589882,Template:2009–10 NHL Atlantic Division standings
23589883,Template:Watarase Keikoku Railway Watarase Keikoku Line
23589964,Template:2009–10 NHL Northeast Division standings
23590003,Template:2009–10 NHL Southeast Division standings
23590020,Template:2009–10 NHL Central Division standings
23590043,Template:2009–10 NHL Northwest Division standings
23590058,Template:2009–10 NHL Pacific Division standings
23590625,Template:Districts of Seychelles
23590684,Template:SK Sturm Graz managers
23591203,Template:Type C3-S-A2 ships
23591450,Template:Infobox UK place/dens
23591482,Template:Holocaust Poland
23591567,Template:Cheshire Ring diagram
23591780,Template:Trick Pony
23592100,Template:Bucharest Stock Exchange
23592354,Template:Infobox Doctor Who episode/sandbox
23592389,Template:Infobox Doctor Who episode/testcases
23592447,Template:Náchod District
23592536,Template:Trutnov District
23592549,Template:Universities Research Association
23592952,Template:Pd-bain
23593028,Template:Belarusian Premier League
23593057,Template:Turkey-med-bio-stub
23593086,Template:Infobox WTCC race report
23593103,Template:Infobox WTCC race report/doc
23593418,Template:History of Netherlands
23593854,Template:Indianapolis TV
23594076,Template:Talk page stalker
23594247,Template:Pebble Beach Auto Week
23594375,Template:Ef
23594444,Template:Gyeongjeon Line
23594781,Template:78 Violet
23594882,Template:TXF
23594995,Template:The Lone Gunmen
23594998,Template:Millennium (TV series)
23595340,Template:Rio de Janeiro bid venues for the 2016 Summer Olympics
23595464,Template:Bishops of Grafton and Armidale
23595707,Template:Ecuador squad 1991 Copa América
23595822,Template:Ecuador squad 1989 Copa América
23595906,Template:PD-USgov-Military-Army
23595989,Template:User St. Lawrence
23596150,Template:User Hawaiihome
23596157,Template:United States 1991 Rugby World Cup squad
23596214,Template:RussiaAdmMunRef/cu/admlaw
23596275,Template:RussiaAdmMunRef/cu/munlaw
23596360,Template:RussiaAdmMunRef/cu/munlist
23596397,Template:Armenian Van-Vaspurakan 2000
23596451,Template:WikiProject The Rolling Stones/doc
23596660,Template:Infobox football club/testcases
23596716,Template:WPTRS
23596865,Template:Aegir class submarine tenders
23596969,Template:Cycling data VLA
23596971,Template:Cycling data JAC
23597010,Template:Jupiler League seasons
23597037,Template:Jupiler League teamlist
23597079,Template:Television in Estonia
23597242,Template:Ayyubid dynasty
23597396,Template:Infobox drug/testcases
23597905,Template:Actinides vs fission products
23598159,Template:Eddy MacDonald films
23598325,Template:Global economic classifications/doc
23598374,Template:GDP country lists/doc
23598381,Template:Finance country lists/doc
23598391,Template:Country data Republic of Macedonia
23598496,Template:Regions of Slovenia
23598508,Template:Statistical regions of Slovenia
23598569,Template:Bio
23598726,Template:Infobox tropical cyclone/testcases
23598738,Template:Infobox tropical cyclone/sandbox
23598832,Template:Welcome-agf-group
23598859,Template:Infobox aircraft occurrence/testcases
23598864,Template:Infobox Aircraft accident/sandbox
23599055,Template:Athletics record progressions
23599256,Template:National records in athletics
23600326,Template:NFL 2K
23600766,Template:User Featured List Candidate
23600786,Template:Oklahoma House of Representatives
23600891,Template:2010 in tennis
23601009,Template:Infobox religious building/testcases
23601242,Template:Infobox Olympic event/testcases
23601246,Template:Infobox Olympic event/sandbox
23601284,Template:FlagIOC/testcases
23601299,Template:FlagIOC/sandbox
23601345,"Template:Country data Congo, the Democratic Republic of the"
23601369,Template:FlagIOCathlete/testcases
23601370,Template:FlagIOCathlete/sandbox
23601471,Template:WPHUMANRIGHTS
23601668,Template:AlleghenyCountyPA-geo-stub
23601669,Template:AdamsCountyPA-geo-stub
23601670,Template:BeaverCountyPA-geo-stub
23601671,Template:BedfordCountyPA-geo-stub
23601672,Template:ArmstrongCountyPA-geo-stub
23601673,Template:BerksCountyPA-geo-stub
23601674,Template:BlairCountyPA-geo-stub
23601675,Template:BradfordCountyPA-geo-stub
23601676,Template:BucksCountyPA-geo-stub
23601677,Template:ButlerCountyPA-geo-stub
23601678,Template:CameronCountyPA-geo-stub
23601679,Template:Starbox reference/doc
23601680,Template:CarbonCountyPA-geo-stub
23601681,Template:CambriaCountyPA-geo-stub
23601682,Template:CentreCountyPA-geo-stub
23601683,Template:ChesterCountyPA-geo-stub
23601684,Template:ClarionCountyPA-geo-stub
23601685,Template:ClintonCountyPA-geo-stub
23601700,Template:Starbox catalog/doc
23601715,Template:Editnotices/Page/List of actors in gay pornographic films
23601722,Template:ClearfieldCountyPA-geo-stub
23601723,Template:ColumbiaCountyPA-geo-stub
23601725,Template:CrawfordCountyPA-geo-stub
23601726,Template:CumberlandCountyPA-geo-stub
23601727,Template:DauphinCountyPA-geo-stub
23601728,Template:DelawareCountyPA-geo-stub
23601729,Template:ElkCountyPA-geo-stub
23601730,Template:FayetteCountyPA-geo-stub
23601731,Template:ErieCountyPA-geo-stub
23601732,Template:ForestCountyPA-geo-stub
23601733,Template:FranklinCountyPA-geo-stub
23601735,Template:GreeneCountyPA-geo-stub
23601736,Template:HuntingdonCountyPA-geo-stub
23601737,Template:FultonCountyPA-geo-stub
23601738,Template:IndianaCountyPA-geo-stub
23601740,Template:JeffersonCountyPA-geo-stub
23601742,Template:LackawannaCountyPA-geo-stub
23601743,Template:JuniataCountyPA-geo-stub
23601744,Template:LawrenceCountyPA-geo-stub
23601745,Template:LancasterCountyPA-geo-stub
23601747,Template:LebanonCountyPA-geo-stub
23601748,Template:Aye/doc
23601749,Template:Starbox detail/doc
23601753,Template:Nay/doc
23601766,Template:Starbox astrometry/doc
23601777,Template:LehighCountyPA-geo-stub
23601779,Template:Starbox character/doc
23601781,Template:LycomingCountyPA-geo-stub
23601782,Template:McKeanCountyPA-geo-stub
23601783,Template:LuzerneCountyPA-geo-stub
23601784,Template:MercerCountyPA-geo-stub
23601804,Template:MifflinCountyPA-geo-stub
23601805,Template:MonroeCountyPA-geo-stub
23601806,Template:MontgomeryCountyPA-geo-stub
23601808,Template:NorthumberlandCountyPA-geo-stub
23601809,Template:MontourCountyPA-geo-stub
23601810,Template:NorthamptonCountyPA-geo-stub
23601811,Template:PikeCountyPA-geo-stub
23601812,Template:PhiladelphiaPA-geo-stub
23601813,Template:PerryCountyPA-geo-stub
23601814,Template:PotterCountyPA-geo-stub
23601815,Template:SchuylkillCountyPA-geo-stub
23601816,Template:SnyderCountyPA-geo-stub
23601817,Template:SomersetCountyPA-geo-stub
23601818,Template:SullivanCountyPA-geo-stub
23601819,Template:SusquehannaCountyPA-geo-stub
23601820,Template:TiogaCountyPA-geo-stub
23601821,Template:VenangoCountyPA-geo-stub
23601822,Template:UnionCountyPA-geo-stub
23601823,Template:WarrenCountyPA-geo-stub
23601824,Template:WashingtonCountyPA-geo-stub
23601825,Template:WestmorelandCountyPA-geo-stub
23601826,Template:WayneCountyPA-geo-stub
23601827,Template:WyomingCountyPA-geo-stub
23601829,Template:YorkCountyPA-geo-stub
23601858,Template:AlbemarleCountyVA-geo-stub
23601861,Template:AlleghanyCountyVA-geo-stub
23601862,Template:AmherstCountyVA-geo-stub
23601863,Template:AlexandriaVA-geo-stub
23601864,Template:AppomattoxCountyVA-geo-stub
23601865,Template:AmeliaCountyVA-geo-stub
23601866,Template:BathCountyVA-geo-stub
23601867,Template:BedfordCountyVA-geo-stub
23601869,Template:BedfordCityVA-geo-stub
23601870,Template:BlandCountyVA-geo-stub
23601871,Template:BrunswickCountyVA-geo-stub
23601872,Template:BristolVA-geo-stub
23601873,Template:BuchananCountyVA-geo-stub
23601875,Template:CarrollCountyVA-geo-stub
23601876,Template:BuckinghamCountyVA-geo-stub
23601877,Template:CampbellCountyVA-geo-stub
23601878,Template:BuenaVistaVA-geo-stub
23601879,Template:CharlotteCountyVA-geo-stub
23601880,Template:CharlottesvilleVA-geo-stub
23601881,Template:CharlesCityCountyVA-geo-stub
23601882,Template:ChesapeakeVA-geo-stub
23601908,Template:ColonialHeightsVA-geo-stub
23601909,Template:ChesterfieldCountyVA-geo-stub
23601911,Template:CovingtonVA-geo-stub
23601912,Template:CumberlandCountyVA-geo-stub
23601913,Template:CraigCountyVA-geo-stub
23601914,Template:DickensonCountyVA-geo-stub
23601915,Template:CulpeperCountyVA-geo-stub
23601917,Template:DanvilleVA-geo-stub
23601918,Template:EmporiaVA-geo-stub
23601919,Template:DinwiddieCountyVA-geo-stub
23601920,Template:FallsChurchVA-geo-stub
23601922,Template:FairfaxCityVA-geo-stub
23601923,Template:FloydCountyVA-geo-stub
23601924,Template:FluvannaCountyVA-geo-stub
23601925,Template:FauquierCountyVA-geo-stub
23601927,Template:FranklinCityVA-geo-stub
23601931,Template:FranklinCountyVA-geo-stub
23601932,Template:GalaxVA-geo-stub
23601934,Template:FredericksburgVA-geo-stub
23601936,Template:GilesCountyVA-geo-stub
23601937,Template:GoochlandCountyVA-geo-stub
23601938,Template:GraysonCountyVA-geo-stub
23601956,Template:Rating/sandbox
23601983,Template:ManassasVA-geo-stub
23601984,Template:GreensvilleCountyVA-geo-stub
23601985,Template:HalifaxCountyVA-geo-stub
23601986,Template:HamptonVA-geo-stub
23601987,Template:GreeneCountyVA-geo-stub
23601989,Template:HanoverCountyVA-geo-stub
23601990,Template:HarrisonburgVA-geo-stub
23601991,Template:HenricoCountyVA-geo-stub
23601992,Template:HenryCountyVA-geo-stub
23601993,Template:HighlandCountyVA-geo-stub
23601995,Template:HopewellVA-geo-stub
23601996,Template:IsleofWightCountyVA-geo-stub
23601997,Template:LancasterCountyVA-geo-stub
23601998,Template:LeeCountyVA-geo-stub
23601999,Template:KingGeorgeCountyVA-geo-stub
23602000,Template:JamesCityCountyVA-geo-stub
23602001,Template:KingandQueenVA-geo-stub
23602003,Template:LexingtonVA-geo-stub
23602004,Template:LouisaCountyVA-geo-stub
23602005,Template:LunenburgCountyVA-geo-stub
23602006,Template:LynchburgVA-geo-stub
23602007,Template:MadisonCountyVA-geo-stub
23602014,Template:Rating/testcases
23602103,Template:FlagIOCmedalist/sandbox
23602190,Template:Defunct Scottish football clubs
23602855,Template:Military of Switzerland
23603070,Template:Type C3-S-A3 ships
23603099,Template:Martin Beck
23603184,Template:2009 CONCACAF Gold Cup
23603202,Template:Political groups of the European Parliament (7th)
23603206,Template:Political groups of the European Parliament
23603211,Template:Norm Smith Medal
23603278,Template:ManassasParkVA-geo-stub
23603281,Template:MontgomeryCountyVA-geo-stub
23603282,Template:MartinsvilleVA-geo-stub
23603284,Template:MecklenburgCountyVA-geo-stub
23603285,Template:NewKentCountyVA-geo-stub
23603286,Template:NewportNewsVA-geo-stub
23603288,Template:NorfolkVA-geo-stub
23603289,Template:NorthumberlandCountyVA-geo-stub
23603290,Template:NortonVA-geo-stub
23603292,Template:OrangeCountyVA-geo-stub
23603293,Template:NottowayCountyVA-geo-stub
23603294,Template:PatrickCountyVA-geo-stub
23603296,Template:PetersburgVA-geo-stub
23603297,Template:PittsylvaniaCountyVA-geo-stub
23603299,Template:PoquosonVA-geo-stub
23603302,Template:PrinceEdwardCountyVA-geo-stub
23603306,Template:PortsmouthVA-geo-stub
23603307,Template:PulaskiCountyVA-geo-stub
23603309,Template:PowhatanCountyVA-geo-stub
23603310,Template:PrinceGeorgeCountyVA-geo-stub
23603311,Template:RappahannockCountyVA-geo-stub
23603314,Template:RadfordVA-geo-stub
23603376,Template:Cycling data RIS
23603382,Template:Cycling data GBM
23603481,Template:2009 CONCACAF Gold Cup finalists
23603522,Template:WPCHEM
23603558,Template:WikiProject Fire service
23603685,Template:The Red Chord
23604293,Template:RichmondCityVA-geo-stub
23604305,Template:RoanokeCountyVA-geo-stub
23604306,Template:RockbridgeCountyVA-geo-stub
23604310,Template:RussellCountyVA-geo-stub
23604312,Template:ScottCountyVA-geo-stub
23604313,Template:SalemVA-geo-stub
23604314,Template:SmythCountyVA-geo-stub
23604315,Template:SouthamptonCountyVA-geo-stub
23604316,Template:SpotsylvaniaCountyVA-geo-stub
23604317,Template:StaffordCountyVA-geo-stub
23604318,Template:StauntonVA-geo-stub
23604321,Template:SuffolkVA-geo-stub
23604323,Template:SurryCountyVA-geo-stub
23604325,Template:SussexCountyVA-geo-stub
23604331,Template:TazewellCountyVA-geo-stub
23604335,Template:VirginiaBeachVA-geo-stub
23604336,Template:WashingtonCountyVA-geo-stub
23604343,Template:WestmorelandCountyVA-geo-stub
23604344,Template:WilliamsburgVA-geo-stub
23604347,Template:WiseCountyVA-geo-stub
23604349,Template:YorkCountyVA-geo-stub
23604351,Template:WytheCountyVA-geo-stub
23604355,Template:RoanokeCityVA-geo-stub
23604534,Template:Popular culture
23604935,Template:DYK-Refresh/sandbox
23605287,Template:NZ Professional wrestling promotions
23605333,Template:New Zealand Professional wrestling promotions
23605349,Template:BG A PFG
23605503,Template:Thanjavur-geo-stub
23605577,Template:Cuddalore-geo-stub
23605616,Template:Game Ball Award
23605662,Template:Dharmapuri-geo-stub
23605714,Template:Kanchipuram-geo-stub
23605749,Template:Karur-geo-stub
23605782,Template:Tirunelveli-geo-stub
23605790,Template:Brazilian Social Democratic Party/meta/color
23605822,Template:Wrestlingsuperstarslive
23605835,Template:Thoothukudi-geo-stub
23605957,Template:TCCC
23606065,Template:Krishnagiri-geo-stub
23606112,Template:Madurai-geo-stub
23606155,Template:F.Y.R. Macedonia in Eurovision
23606165,Template:Nagapattinam-geo-stub
23606190,Template:Namakkal-geo-stub
23606209,Template:Perambalur-geo-stub
23606259,Template:Country data Riograndense Republic
23606260,Template:Football in the United Arab Emirates
23606277,Template:Country data Juliana Republic
23606279,Template:SalemIN-geo-stub
23606310,Template:Ramanathapuram-geo-stub
23606358,Template:Pudukkottai-geo-stub
23606382,Template:WikiCup record
23606386,Template:Sivagangai-geo-stub
23606452,Template:Nilgiris-geo-stub
23606476,Template:Theni-geo-stub
23606497,Template:Tiruchirapalli-geo-stub
23606517,Template:Tiruvallur-geo-stub
23606544,Template:Tiruvannamalai-geo-stub
23606558,Template:Tiruvarur-geo-stub
23606581,Template:Vellore-geo-stub
23606596,Template:Progressive Alliance of Socialists and Democrats/meta/shortname
23606601,Template:Viluppuram-geo-stub
23606617,Template:Progressive Alliance of Socialists and Democrats/meta/color
